DELETE from games;
DELETE from users;
INSERT INTO users (username) VALUES ("conservative");
INSERT INTO users (username) VALUES ("ndp");
INSERT INTO users (username) VALUES ("liberal");
INSERT INTO users (username) VALUES ("green");
INSERT INTO users (username) VALUES ("rhinoceros");
INSERT INTO games (game_id, type, state, turn, p1, p2) VALUES (UUID_TO_BIN(?), "connect4", "active", "conservative", "conservative", "liberal");
INSERT INTO games (game_id, type, state, turn, p1, p2) VALUES (UUID_TO_BIN(?), "connect4", "active", "ndp", "ndp", "conservative");
INSERT INTO games (game_id, type, state, turn, p1, p2) VALUES (UUID_TO_BIN(?), "connect4", "active", "rhinoceros", "green", "rhinoceros");
INSERT INTO games (game_id, type, state, turn, p1, p2) VALUES (UUID_TO_BIN(?), "toototto", "active", "liberal", "conservative", "liberal");
INSERT INTO games (game_id, type, state, turn, p1, p2) VALUES (UUID_TO_BIN(?), "toototto", "active", "ndp", "ndp", "conservative");
INSERT INTO games (game_id, type, state, turn, p1, p2) VALUES (UUID_TO_BIN(?), "toototto", "active", "green", "green", "rhinoceros");
INSERT INTO game_boards (game_id, board) VALUES (UUID_TO_BIN(?), ?);
INSERT INTO game_boards (game_id, board) VALUES (UUID_TO_BIN(?), ?);
INSERT INTO game_boards (game_id, board) VALUES (UUID_TO_BIN(?), ?);
INSERT INTO game_boards (game_id, board) VALUES (UUID_TO_BIN(?), ?);
INSERT INTO game_boards (game_id, board) VALUES (UUID_TO_BIN(?), ?);
INSERT INTO game_boards (game_id, board) VALUES (UUID_TO_BIN(?), ?);
